Tag No.,Measurement Flag,Measured Value,Estimate,Sigma,Gross Error Flag,Unit
Natural Gas from GAIL
FI4133,1,78.5625507202,78.5625623222,0.785265487966,0,SM3/HR
TI4140a,2,29.86,29.86,0.2986,2,C
PI4106a,2,3615.711855,3615.711855,136.1555286,2,kg/cm2
C4H10_NG1a,0,0.0042839,0.0042839,4.2839e-05,2,xfrac
CH4_NG1a,0,0.9307912,0.9307912,0.009307912,2,xfrac
N2_NG1a,0,0.0030763,0.0030763,3.0763e-05,2,xfrac
C5H12_NG1a,0,0.000523,0.000523,5.23e-06,2,xfrac
CO2_NG1a,0,0.0012057,0.0012057,1.2057e-05,2,xfrac
C2H6_NG1a,0,0.050576,0.050576,0.00050576,2,xfrac
C6H14_NG1a,0,0.0003577,0.0003577,3.577e-06,2,xfrac
C3H8_NG1a,0,0.0091862,0.0091862,9.1861e-05,2,xfrac
Natural Gas from GAIL
FI4130,1,81.4697980746,78.5625623222,0.599637213324,1,KG/HR
TI4140,2,29.86,29.86,0.2986,2,C
PI4106,2,3615.711855,3615.711855,136.1555286,2,kg/cm2
C4H10_NG1,2,0.0042839,0.0042839,4.2839e-05,2,xfrac
CH4_NG1,2,0.9307912,0.9307912,0.009307912,2,xfrac
N2_NG1,2,0.0030763,0.0030763,3.0763e-05,2,xfrac
C5H12_NG1,2,0.000523,0.000523,5.23e-06,2,xfrac
CO2_NG1,2,0.0012057,0.0012057,1.2057e-05,2,xfrac
C2H6_NG1,2,0.050576,0.050576,0.00050576,2,xfrac
C6H14_NG1,2,0.0003577,0.0003577,3.577e-06,2,xfrac
C3H8_NG1,2,0.0091862,0.0091862,9.1861e-05,2,xfrac
Natural Gas sent to furnace as fuel
FI4131,1,12.0737757298,12.211622636,0.16851429743,0,SM3/HR
TU_NG2,2,29.86,29.86,0.2986,2,C
PU_NG2,2,3615.711855,3615.711855,136.1555286,2,kg/cm2
C4H10_NG2,0,0.0042839,0.0042839,4.2839e-05,2,xfrac
CH4_NG2,0,0.9307912,0.9307912,0.009307912,2,xfrac
N2_NG2,0,0.0030763,0.0030763,3.0763e-05,2,xfrac
C5H12_NG2,0,0.000523,0.000523,5.23e-06,2,xfrac
CO2_NG2,0,0.0012057,0.0012057,1.2057e-05,2,xfrac
C2H6_NG2,0,0.050576,0.050576,0.00050576,2,xfrac
C6H14_NG2,0,0.0003577,0.0003577,3.577e-06,2,xfrac
C3H8_NG2,0,0.0091861,0.0091862,9.1861e-05,2,xfrac
Natural Gas to be mixed with Hydrogen for desulpurisation
FI4132,1,69.2950895436,66.3509396862,0.599693489246,0,KG/HR
TU_NG3,2,29.86,29.86,0.2986,2,C
PI4107,2,3319.551025,3319.551025,133.1939203,2,kg/cm2
C4H10_NG3,0,0.0042839,0.0042839,4.2839e-05,2,xfrac
CH4_NG3,0,0.9307912,0.9307912,0.009307912,2,xfrac
N2_NG3,0,0.0030763,0.0030763,3.0763e-05,2,xfrac
C5H12_NG3,0,0.000523,0.000523,5.23e-06,2,xfrac
CO2_NG3,0,0.0012057,0.0012057,1.2057e-05,2,xfrac
C2H6_NG3,0,0.050576,0.050576,0.00050576,2,xfrac
C6H14_NG3,0,0.0003577,0.0003577,3.577e-06,2,xfrac
C3H8_NG3,0,0.0091861,0.0091862,9.1861e-05,2,xfrac
Natural Gas sent to furnace as fuel (Pseudo-Stream to handle Pressure Drop)
FU_NG2a,0,12.0737757298,12.211622636,0.120737757298,2,SM3/HR
TU_NG2a,2,29.86,29.86,0.2986,2,C
PI4116,2,351.07807,351.07807,103.50919075,2,kg/cm2
C4H10_NG2a,0,0.0042839,0.0042839,4.2839e-05,2,xfrac
CH4_NG2a,0,0.9307912,0.9307912,0.009307912,2,xfrac
N2_NG2a,0,0.0030763,0.0030763,3.0763e-05,2,xfrac
C5H12_NG2a,0,0.000523,0.000523,5.23e-06,2,xfrac
CO2_NG2a,0,0.0012057,0.0012057,1.2057e-05,2,xfrac
C2H6_NG2a,0,0.050576,0.050576,0.00050576,2,xfrac
C6H14_NG2a,0,0.0003577,0.0003577,3.577e-06,2,xfrac
C3H8_NG2a,0,0.0091861,0.0091862,9.1861e-05,2,xfrac
Hydrogen from PSA unit to be mixed with NG for desulphurisation
FIC3103,2,2.885,2.885,0.126,2,KG/HR
TI3156,2,48.1,48.1,0.481,2,C
PIC3150,2,3288.169745,3288.169745,132.8801075,2,kg/cm2
Cold-side inlet of Heat Exchanger E-2
FU_NG4,0,72.2233,69.2359396862,0.722233,2,KMOl/HR
TU_NG4,2,32.0,32.0,0.32,2,C
PU_NG4,2,3347.009645,3347.009645,130.428445,2,kg/cm2
C4H10_NG4,0,0.00411,0.00410539369885,4.11e-05,2,xfrac
CH4_NG4,0,0.8936,0.892005958922,0.008936,2,xfrac
N2_NG4,0,0.00295,0.00294811331632,2.95e-05,2,xfrac
C5H12_NG4,0,0.0005,0.00050120705537,5e-06,2,xfrac
CO2_NG4,0,0.001158,0.00115545955384,1.158e-05,2,xfrac
C2H6_NG4,0,0.04856,0.048468543083,0.0004856,2,xfrac
H2_NG4,0,0.039945,0.0416691101916,0.00039945,2,xfrac
C6H14_NG4,0,0.0003434,0.000342794959284,3.434e-06,2,xfrac
C3H8_NG4,0,0.0088,0.00880341921996,8.8e-05,2,xfrac
Cold-side outlet of Heat Exchanger E-2
FIC3105,1,68.1549377433,69.2359396862,0.524555614001,0,KG/HR
TIC4101,2,377.39,377.39,3.7739,2,C
PIC3112,2,3283.26642,3283.26642,132.83107425,2,kg/cm2
C4H10_NG5,0,0.00411,0.00410539369885,4.11e-05,2,xfrac
CH4_NG5,0,0.8936,0.892005958922,0.008936,2,xfrac
N2_NG5,0,0.00295,0.00294811331632,2.95e-05,2,xfrac
C5H12_NG5,0,0.0005,0.00050120705537,5e-06,2,xfrac
CO2_NG5,0,0.001158,0.00115545955384,1.158e-05,2,xfrac
C2H6_NG5,0,0.04856,0.048468543083,0.0004856,2,xfrac
H2_NG5,0,0.039945,0.0416691101916,0.00039945,2,xfrac
C6H14_NG5,0,0.0003434,0.000342794959284,3.434e-06,2,xfrac
C3H8_NG5,0,0.0088,0.00880341921996,8.8e-05,2,xfrac
Outlet of HT Shift Reactor or Hot-side inlet of Exchanger E-2
FU_HT1,0,418.0,424.686691624,4.2,2,KMOL/HR
TI4181,2,412.8,412.8,4.1821,2,C
PU_HT1,2,2629.162865,2629.162865,126.2115855,2,kg/cm2
CO_HT1,1,0.0266,0.0184635681983,0.000266,0,xfrac
N2_HT1,1,0.0005,0.000480625834956,5e-06,0,xfrac
CO2_HT1,1,0.1695,0.116756681162,0.001695,0,xfrac
H2_HT1,1,0.7537,0.51507087072,0.007537,0,xfrac
H2O_HT1,0,0.2881,0.315307783875,0.0028,2,xfrac
CH4_HT1,1,0.0497,0.0339204702096,0.000497,0,xfrac
Hot-side outlet of Exchanger E-2
FU_HT2,0,418.0,424.686691624,4.2,2,KMOl/HR
TU_HT2,2,345.0,345.0,3.0,2,C
PU_HT2,2,2621.317545,2621.317545,125.52512,2,kg/cm2
CO_HT2,0,0.0266,0.0184635681983,0.000266,2,xfrac
N2_HT2,0,0.0005,0.000480625834956,5e-06,2,xfrac
CO2_HT2,0,0.1695,0.116756681162,0.001695,2,xfrac
H2_HT2,0,0.7537,0.51507087072,0.007537,2,xfrac
H2O_HT2,0,0.2881,0.315307783875,0.0028,2,xfrac
CH4_HT2,0,0.0497,0.0339204702096,0.000497,2,xfrac
Steam to be mixed with Pre-Reformer feed
FIC3104,1,183.672222222,177.382637565,3.84941057508,0,KG/HR
TU_ST1,2,460.02,460.02,4.602,2,C
PU_ST1,2,3197.948565,3197.948565,131.9778957,2,kg/cm2
Pre-Reformer feed before getting heated in the furnace
FU_NS1,0,254.36,246.618577251,2.3,2,KMol/HR
TI4169,2,385.36,385.36,3.8536,2,C
PU_NS1,2,3199.909895,3199.909895,131.40911,2,kg/cm2
C4H10_NS1,0,0.0011,0.00115255222737,1.1e-05,2,xfrac
CH4_NS1,0,0.2481,0.250422622091,0.002481,2,xfrac
N2_NS1,0,0.00082,0.000827656205108,8.2e-06,2,xfrac
C5H12_NS1,0,0.000139,0.000140709357108,1.39e-06,2,xfrac
CO2_NS1,0,0.00032,0.000324384841042,3.2e-06,2,xfrac
C2H6_NS1,0,0.01348,0.0136071060136,0.0001348,2,xfrac
H2_NS1,0,0.01132,0.0116982265982,0.0001132,2,xfrac
C6H14_NS1,0,9.5e-06,9.6236590894e-05,9.5e-08,2,xfrac
H2O_NS1,0,0.7221,0.719259025585,0.007221,2,xfrac
C3H8_NS1,0,0.00245,0.00247148048999,2.45e-05,2,xfrac
E-7-3 ByPass Line
FU_NS2a,0,254.36,82.2512119484,2.5436,2,KMol/HR
TU_NS2a,2,479.96,479.96,4.7996,2,C
PU_NS2a,2,3056.732805,3056.732805,130.5657381,2,kg/cm2
C4H10_NS2a,0,0.0011,0.00115255222737,1.1e-05,2,xfrac
CH4_NS2a,0,0.2481,0.250422622091,0.002481,2,xfrac
N2_NS2a,0,0.00082,0.000827656205108,8.2e-06,2,xfrac
C5H12_NS2a,0,0.000139,0.000140709357108,1.39e-06,2,xfrac
CO2_NS2a,0,0.00032,0.000324384841042,3.2e-06,2,xfrac
C2H6_NS2a,0,0.01348,0.0136071060136,0.0001348,2,xfrac
H2_NS2a,0,0.01132,0.0116982265982,0.0001132,2,xfrac
C6H14_NS2a,0,9.5e-06,9.6236590894e-05,9.5e-08,2,xfrac
H2O_NS2a,0,0.7221,0.719259025585,0.007221,2,xfrac
C3H8_NS2a,0,0.00245,0.00247148048999,2.45e-05,2,xfrac
E-7-3 Inlet
FU_NS2b,0,254.36,164.367365302,2.5436,2,KMol/HR
TU_NS2b,2,479.96,479.96,4.7996,2,C
PU_NS2b,2,3056.732805,3056.732805,130.5657381,2,kg/cm2
C4H10_NS2b,0,0.0011,0.00115255222737,1.1e-05,2,xfrac
CH4_NS2b,0,0.2481,0.250422622091,0.002481,2,xfrac
N2_NS2b,0,0.00082,0.000827656205108,8.2e-06,2,xfrac
C5H12_NS2b,0,0.000139,0.000140709357108,1.39e-06,2,xfrac
CO2_NS2b,0,0.00032,0.000324384841042,3.2e-06,2,xfrac
C2H6_NS2b,0,0.01348,0.0136071060136,0.0001348,2,xfrac
H2_NS2b,0,0.01132,0.0116982265982,0.0001132,2,xfrac
C6H14_NS2b,0,9.5e-06,9.6236590894e-05,9.5e-08,2,xfrac
H2O_NS2b,0,0.7221,0.719259025585,0.007221,2,xfrac
C3H8_NS2b,0,0.00245,0.00247148048999,2.45e-05,2,xfrac
E-7-3 outlet
FU_NS2c,0,254.36,164.367365302,2.5436,2,KMol/HR
TU_NS2c,2,479.96,479.96,4.7996,2,C
PU_NS2c,2,3056.732805,3056.732805,130.5657381,2,kg/cm2
C4H10_NS2c,0,0.0011,0.00115255222737,1.1e-05,2,xfrac
CH4_NS2c,0,0.2481,0.250422622091,0.002481,2,xfrac
N2_NS2c,0,0.00082,0.000827656205108,8.2e-06,2,xfrac
C5H12_NS2c,0,0.000139,0.000140709357108,1.39e-06,2,xfrac
CO2_NS2c,0,0.00032,0.000324384841042,3.2e-06,2,xfrac
C2H6_NS2c,0,0.01348,0.0136071060136,0.0001348,2,xfrac
H2_NS2c,0,0.01132,0.0116982265982,0.0001132,2,xfrac
C6H14_NS2c,0,9.5e-06,9.6236590894e-05,9.5e-08,2,xfrac
H2O_NS2c,0,0.7221,0.719259025585,0.007221,2,xfrac
C3H8_NS2c,0,0.00245,0.00247148048999,2.45e-05,2,xfrac
Inlet to E-6-3
FU_NS2d,0,254.36,246.618577251,2.5436,2,KMol/HR
TU_NS2d,2,479.96,479.96,4.7996,2,C
PU_NS2d,2,3056.732805,3056.732805,130.5657381,2,kg/cm2
C4H10_NS2d,0,0.0011,0.00115255222737,1.1e-05,2,xfrac
CH4_NS2d,0,0.2481,0.250422622091,0.002481,2,xfrac
N2_NS2d,0,0.00082,0.000827656205108,8.2e-06,2,xfrac
C5H12_NS2d,0,0.000139,0.000140709357108,1.39e-06,2,xfrac
CO2_NS2d,0,0.00032,0.000324384841042,3.2e-06,2,xfrac
C2H6_NS2d,0,0.01348,0.0136071060136,0.0001348,2,xfrac
H2_NS2d,0,0.01132,0.0116982265982,0.0001132,2,xfrac
C6H14_NS2d,0,9.5e-06,9.6236590894e-05,9.5e-08,2,xfrac
H2O_NS2d,0,0.7221,0.719259025585,0.007221,2,xfrac
C3H8_NS2d,0,0.00245,0.00247148048999,2.45e-05,2,xfrac
Pre-Reformer feed after getting heated in the furnace
FU_NS2,0,254.36,246.618577251,2.5436,2,KMol/HR
TRC4167,2,479.96,479.96,4.7996,2,C
PI4103,2,3056.732805,3056.732805,130.5657381,2,kg/cm2
C4H10_NS2,0,0.0011,0.00115255222737,1.1e-05,2,xfrac
CH4_NS2,0,0.2481,0.250422622091,0.002481,2,xfrac
N2_NS2,0,0.00082,0.000827656205108,8.2e-06,2,xfrac
C5H12_NS2,0,0.000139,0.000140709357108,1.39e-06,2,xfrac
CO2_NS2,0,0.00032,0.000324384841042,3.2e-06,2,xfrac
C2H6_NS2,0,0.01348,0.0136071060136,0.0001348,2,xfrac
H2_NS2,0,0.01132,0.0116982265982,0.0001132,2,xfrac
C6H14_NS2,0,9.5e-06,9.6236590894e-05,9.5e-08,2,xfrac
H2O_NS2,0,0.7221,0.719259025585,0.007221,2,xfrac
C3H8_NS2,0,0.00245,0.00247148048999,2.45e-05,2,xfrac
Pre-Reformer outlet1
FU_NS3,0,246.5,266.604462278,2.5,2,KMOl/HR
TI3119,2,432.8,432.8,4.3,2,C
PI4132,2,2954.743645,2954.743645,129.5458465,2,kg/cm2
CO_NS3,0,0.0373,0.0374822777845,0.000373,2,xfrac
N2_NS3,0,0.00082,0.000765611325528,8.2e-06,2,xfrac
CO2_NS3,0,0.00032,0.0003000674756,3.2e-06,2,xfrac
H2_NS3,0,0.102,0.101944427284,0.00102,2,xfrac
H2O_NS3,0,0.63,0.627857814609,0.0063,2,xfrac
CH4_NS3,0,0.23,0.231649801522,0.0023,2,xfrac
Pre-Reformer outlet2
FU_NS3a,0,246.5,257.635239647,2.5,2,KMOl/HR
TI3119a,2,432.8,432.8,4.3,2,C
PI4132a,2,2954.743645,2954.743645,129.5458465,2,kg/cm2
CO_NS3a,0,0.00024,0.000287733256898,2.4e-06,2,xfrac
N2_NS3a,0,0.0011,0.000792265048975,1.1e-05,2,xfrac
CO2_NS3a,0,0.01792,0.0214031291176,0.0001792,2,xfrac
H2_NS3a,0,0.0613,0.0743656274229,0.000613,2,xfrac
H2O_NS3a,0,0.65978,0.646030044738,0.006597,2,xfrac
CH4_NS3a,0,0.25996,0.257121200415,0.0025996,2,xfrac
Steam to be mixed with the Pre-Reformer outlet
FIC3107,1,63.6072222222,63.3756323461,0.738658099901,0,KG/HR
TU_ST2,2,460.0,460.0,4.3,2,C
PU_ST2,2,3197.948565,3197.948565,131.997509,2,kg/cm2
Feed to Steam Reformer before getting heated in the furnace
FU_NS4,0,327.0,321.010871993,3.27,2,KMOl/HR
TU_NS4,2,411.97,411.97,4.1197,2,C
PU_NS4,2,2895.903745,2895.903745,130.428445,2,kg/cm2
CO_NS4,0,0.000194,0.00023092746403,1.94e-06,2,xfrac
N2_NS4,0,0.00063,0.000635851971272,6.3e-06,2,xfrac
CO2_NS4,0,0.0144,0.0171776122882,0.000144,2,xfrac
H2_NS4,0,0.0494,0.0596839793108,0.000494,2,xfrac
H2O_NS4,0,0.7258,0.715912630356,0.007258,2,xfrac
CH4_NS4,0,0.20947,0.20635899861,0.0020947,2,xfrac
Feed to Steam Reformer after getting heated in the furnace
FU_NS5,0,327.0,321.010871993,3.27,2,KMOl/HR
TIC3124,2,600.0,600.0,6.0,2,C
PI3117,2,2935.130345,2935.130345,129.44778,2,kg/cm2
CO_NS5,0,0.000194,0.00023092746403,1.94e-06,2,xfrac
N2_NS5,0,0.00063,0.000635851971272,6.3e-06,2,xfrac
CO2_NS5,0,0.0144,0.0171776122882,0.000144,2,xfrac
H2_NS5,0,0.0494,0.0596839793108,0.000494,2,xfrac
H2O_NS5,0,0.7258,0.715912630356,0.007258,2,xfrac
CH4_NS5,0,0.20947,0.20635899861,0.0020947,2,xfrac
 E-7-2 ByPass line
FU_NS5a,0,327.0,107.079954761,3.27,2,KMOl/HR
TU_NS5a,2,600.0,600.0,6.0,2,C
PU_NS5a,2,2935.130345,2935.130345,129.44778,2,kg/cm2
CO_NS5a,0,0.000194,0.00023092746403,1.94e-06,2,xfrac
N2_NS5a,0,0.00063,0.000635851971272,6.3e-06,2,xfrac
CO2_NS5a,0,0.0144,0.0171776122882,0.000144,2,xfrac
H2_NS5a,0,0.0494,0.0596839793108,0.000494,2,xfrac
H2O_NS5a,0,0.7258,0.715912630356,0.007258,2,xfrac
CH4_NS5a,0,0.20947,0.20635899861,0.0020947,2,xfrac
Inlet to E-7-2
FU_NS5b,0,327.0,213.930917232,3.27,2,KMOl/HR
TU_NS5b,2,600.0,600.0,6.0,2,C
PU_NS5b,2,2935.130345,2935.130345,129.44778,2,kg/cm2
CO_NS5b,0,0.000194,0.00023092746403,1.94e-06,2,xfrac
N2_NS5b,0,0.00063,0.000635851971272,6.3e-06,2,xfrac
CO2_NS5b,0,0.0144,0.0171776122882,0.000144,2,xfrac
H2_NS5b,0,0.0494,0.0596839793108,0.000494,2,xfrac
H2O_NS5b,0,0.7258,0.715912630356,0.007258,2,xfrac
CH4_NS5b,0,0.20947,0.20635899861,0.0020947,2,xfrac
Outlet of E-7-2
FU_NS5c,0,327.0,213.930917232,3.27,2,KMOl/HR
TU_NS5c,2,600.0,600.0,6.0,2,C
PU_NS5c,2,2935.130345,2935.130345,129.44778,2,kg/cm2
CO_NS5c,0,0.000194,0.00023092746403,1.94e-06,2,xfrac
N2_NS5c,0,0.00063,0.000635851971272,6.3e-06,2,xfrac
CO2_NS5c,0,0.0144,0.0171776122882,0.000144,2,xfrac
H2_NS5c,0,0.0494,0.0596839793108,0.000494,2,xfrac
H2O_NS5c,0,0.7258,0.715912630356,0.007258,2,xfrac
CH4_NS5c,0,0.20947,0.20635899861,0.0020947,2,xfrac
Inlet to E-6-2
FU_NS5d,0,327.0,321.010871993,3.27,2,KMOl/HR
TI3130,2,600.0,600.0,6.0,2,C
PU_NS5d,2,2935.130345,2935.130345,129.44778,2,kg/cm2
CO_NS5d,0,0.000194,0.00023092746403,1.94e-06,2,xfrac
N2_NS5d,0,0.00063,0.000635851971272,6.3e-06,2,xfrac
CO2_NS5d,0,0.0144,0.0171776122882,0.000144,2,xfrac
H2_NS5d,0,0.0494,0.0596839793108,0.000494,2,xfrac
H2O_NS5d,0,0.7258,0.715912630356,0.007258,2,xfrac
CH4_NS5d,0,0.20947,0.20635899861,0.0020947,2,xfrac
Outlet of  Steam Reformer or Hotside inlet of RG Boiler
FU_NS6,0,417.36,424.686691624,4.17,2,KMOl/HR
TI3132,2,838.3,838.3,8.3,2,C
PU_NS6,2,2746.842665,2746.842665,130.428445,2,kg/cm2
CO_NS6,1,0.1206,0.0774315056675,0.001206,0,xfrac
N2_NS6,1,0.0006,0.000480625834956,6e-06,0,xfrac
CO2_NS6,1,0.0941,0.0577887436932,0.000941,0,xfrac
H2_NS6,1,0.7316,0.45610293325,0.007316,0,xfrac
H2O_NS6,0,0.4461,0.374275721344,0.004461,2,xfrac
CH4_NS6,1,0.0531,0.0339204702096,0.000531,0,xfrac
Inlet of HT shift Reactor or Hotside outlet of RG Boiler
FU_NS7,0,453.29,424.686691624,4.53,2,KMOl/HR
TIC3135,2,354.48,354.48,3.5448,2,C
PI3129,2,2716.44205,2716.44205,127.16283055,2,kg/cm2
CO_NS7,0,0.1093,0.0774315056675,0.001093,2,xfrac
N2_NS7,0,0.00035,0.000480625834956,3.5e-06,2,xfrac
CO2_NS7,0,0.0111,0.0577887436932,0.000111,2,xfrac
H2_NS7,0,0.3664,0.45610293325,0.003664,2,xfrac
H2O_NS7,0,0.4826,0.374275721344,0.004826,2,xfrac
CH4_NS7,0,0.0386,0.0339204702096,0.000386,2,xfrac
Coldside inlet of RG Boiler
FI4110,1,219.388888889,249.424995116,4.90802502641,0,KG/HR
TU_W1,2,237.0,237.0,0.5,2,C
PU_W1,2,3278.363095,3278.363095,125.52512,2,kg/cm2
Coldside outlet of RG Boiler
FU_ST3,0,219.388888889,249.424995116,2.19388888889,2,KG/HR
TU_ST3,2,240.0,240.0,2.4,2,C
PU_ST3,2,3278.363095,3278.363095,130.428445,2,kg/cm2
Inlet of LT shift Reactor or Hotside outlet of E-16 Exchanger
FU_HT3,0,451.236,424.686691624,4.51236,2,KMOl/HR
TI4174,2,185.17,185.17,1.8517,2,C
PU_HT3,2,2621.317545,2621.317545,125.52512,2,kg/cm2
CO_HT3,0,0.0156,0.0184635681983,0.000156,2,xfrac
N2_HT3,0,0.000326,0.000480625834956,3.26e-06,2,xfrac
CO2_HT3,0,0.1052,0.116756681162,0.001052,2,xfrac
H2_HT3,0,0.4618,0.51507087072,0.004618,2,xfrac
H2O_HT3,0,0.38629,0.315307783875,0.0038629,2,xfrac
CH4_HT3,0,0.030695,0.0339204702096,0.00030695,2,xfrac
Cold side inlet of E-16
FU_W2,0,422.34,464.174607979,4.2234,2,KMOL/HR
TU_W2,2,40.0,40.0,0.3,2,C
PU_W2,2,2552.670995,2552.670995,125.52512,2,kg/cm2
Cold side outlet of E-16
FU_W3,0,430.27,464.174607979,4.2234,2,KMOl/HR
TU_W3,2,185.0,185.0,0.5,2,C
PU_W3,2,3347.009645,3347.009645,125.52512,2,kg/cm2
Outlet of LT shift Reactor or Hotside inlet of E-3 
FU_LT1,0,451.23,424.686691624,4.5123,2,KMOl/HR
TI4180,2,188.0,188.0,1.8,2,C
PU_LT1,2,2503.637745,2503.637745,125.52512,2,kg/cm2
CO_LT1,1,0.0024,0.00130679589567,2.4e-05,0,xfrac
N2_LT1,1,0.0005,0.000480625834956,5e-06,0,xfrac
CO2_LT1,1,0.1874,0.133913453465,0.001874,0,xfrac
H2_LT1,1,0.7608,0.532227643022,0.007608,0,xfrac
H2O_LT1,0,0.2653,0.298151011572,0.0026,2,xfrac
CH4_LT1,1,0.0489,0.0339204702096,0.000489,0,xfrac
feed to steam drum or FG boiler
FI3110,1,202.938888889,214.749612864,3.07767822363,1,KG/HR
TU_W4,2,50.0,50.0,0.5,2,C
PU_W4,2,2552.670995,2552.670995,125.52512,2,kg/cm2
Steam from Steam Drum or FG boiler
FU_ST4,0,187.2,214.749612864,2.0294,2,KMOL/HR
TU_ST4,2,240.0,240.0,2.0,2,C
PU_ST4,2,3278.363095,3278.363095,130.428445,2,kg/cm2
Export Steam
FI3106,1,240.185,223.416338069,3.63501333967,0,KG/HR
TU_ST5,2,240.0,240.0,1.8,2,C
PIC3114,2,3278.363095,3278.363095,132.77223435,2,kg/cm2
Inlet to suher heater
FU_ST6,0,249.32,240.758269911,1.8214,2,KMOL/HR
TU_ST6,2,460.03,460.03,2.0,2,C
PU_ST6,2,3197.948565,3197.948565,130.428445,2,kg/cm2
Combined Stream from Rg and FG Boilers
FU_ST8,0,422.33,464.174607979,4.2233,2,KMOL/HR
TU_ST8,2,190.0,190.0,2.0,2,C
PU_ST8,2,3043.003495,3043.003495,130.428445,2,kg/cm2
Super heated steam from super heater
FU_ST7,0,249.12,240.758269911,2.29,2,KMOL/HR
TIC3123,2,512.3,512.3,4.6,2,C
PI3116,2,3197.948565,3197.948565,131.9778957,2,kg/cm2
Outlet of E-6-1
FU_ST6a,0,249.32,240.758269911,1.8214,2,KMOL/HR
TI3126,2,460.03,460.03,2.0,2,C
PU_ST6a,2,3197.948565,3197.948565,130.428445,2,kg/cm2
ByPass to E-7-1
FU_ST7a,0,249.12,80.2957048161,2.29,2,KMOL/HR
TU_ST7a,2,512.3,512.3,4.6,2,C
PU_ST7a,2,3197.948565,3197.948565,131.9778957,2,kg/cm2
Inlet to E-7-1
FU_ST7b,0,249.12,160.462565095,2.29,2,KMOL/HR
TU_ST7b,2,512.3,512.3,4.6,2,C
PU_ST7b,2,3197.948565,3197.948565,131.9778957,2,kg/cm2
Outlet of E-7-1
FU_ST7c,0,249.12,160.462565095,2.29,2,KMOL/HR
TU_ST7c,2,512.3,512.3,4.6,2,C
PU_ST7c,2,3197.948565,3197.948565,131.9778957,2,kg/cm2
Atmospheric air to air pre-heater
FU_AR1,0,413.76,385.506713302,4.13,2,KMOL/HR
TU_AR1,2,30.0,30.0,0.3,2,C
PU_AR1,2,202.01699,202.01699,101.98916,2,kg/cm2
Pre-heated air to the furnace
FIC3109,1,400.47260749,385.506713302,3.46704321672,0,KG/HR
TI3131,2,270.9,270.9,2.85,2,C
PU_AR2,2,202.01699,202.01699,101.98916,2,kg/cm2
Air-Natural gas- off gas mixture to furnace for burning
FU_AN1,0,424.86,507.375395186,4.2,2,KMOL/HR
TU_AN1,2,60.0,60.0,0.6,2,C
PU_AN1,2,202.01699,202.01699,101.98916,2,kg/cm2
N2_AN1,0,0.65,0.600722834435,0.0065,2,xfrac
H2_AN1,0,0.1,0.0741485133023,0.001,2,xfrac
O2_AN1,0,0.16,0.159559195344,0.0016,2,xfrac
CH4_AN1,0,0.06,0.0507948225387,0.0006,2,xfrac
C2H6_AN1,0,0.0491,0.00121727429493,0.000491,2,xfrac
C3H8_AN1,0,0.01362,0.000221095482602,0.0001362,2,xfrac
CO_AN1,0,0.001,0.00109382289883,1e-05,2,xfrac
CO2_AN1,0,0.13,0.112118138974,0.0013,2,xfrac
C4H10_AN1,0,0.006309,0.000103105847676,6.309e-05,2,xfrac
C5H12_AN1,0,0.00089,1.25876790622e-05,8.9e-06,2,xfrac
C6H14_AN1,0,0.000466,8.60920229549e-06,4.66e-06,2,xfrac
Off gas from PSA unit
FIC3113,1,104.193178342,109.657059248,4.76719607481,0,KG/HR
TU_LT4,2,25.0,25.0,0.25,2,C
PIC3156,2,2552.670995,2552.670995,125.52512,2,kg/cm2
AI3103B,1,0.33,0.343079884662,0.0033,0,xfrac
CO_LT4,1,0.0066,0.00506104056924,6.6e-05,0,xfrac
CH4_LT4,1,0.1378,0.131369310562,0.001378,0,xfrac
N2_LT4,1,0.0015,0.00186139768069,1.5e-05,0,xfrac
CO2_LT4,1,0.5241,0.518628366527,0.005241,0,xfrac
Off gas from PSA unit (Pseudo Stream to handle pressure drop)
FU_LT4a,0,101.758172815,109.657059248,1.01726056659,2,KG/HR
TU_LT4a,2,25.0,25.0,0.25,2,C
PU_LT4a,2,125.52512,125.52512,101.25366125,2,kg/cm2
H2_LT4a,0,0.2981,0.343079884662,0.0029,2,xfrac
CO_LT4a,0,0.0071,0.00506104056924,7e-05,2,xfrac
CH4_LT4a,0,0.1478,0.131369310562,0.0029,2,xfrac
N2_LT4a,0,0.0009,0.00186139768069,9e-06,2,xfrac
CO2_LT4a,0,0.5362,0.518628366527,0.0053,2,xfrac
Flue Gas from furnace
FU_FG1,0,424.0,488.810489731,4.2,2,KMOL/HR
TI3129,2,928.53,928.53,1.67,2,C
PIC3127,2,189.268345,189.268345,101.8910935,2,kg/cm2
H2O_FG1,0,0.2014,0.187797197076,0.002,2,xfrac
O2_FG1,1,0.0146,0.0146664130596,0.000146,0,xfrac
CO2_FG1,0,0.1691,0.173998245897,0.0016,2,xfrac
N2_FG1,0,0.608,0.623538143968,0.006,2,xfrac
Combined water from Separators and Fresh water make up
FU_W5,0,421.8091,464.174813612,2.35,2,KMOL/HR
TU_W5,2,30.0,30.0,0.5,2,C
PU_W5,2,2552.670995,2552.670995,125.52512,2,kg/cm2
Hotside outlet of E-3
FU_LT2,0,418.0,424.686691624,4.18,2,KMOl/HR
TU_LT2,2,95.0,95.0,0.95,2,C
PU_LT2,2,2621.317545,2621.317545,125.52512,2,kg/cm2
CO_LT2,0,0.0025,0.00130679589567,2.5e-05,2,xfrac
N2_LT2,0,0.0009,0.000480625834956,9e-06,2,xfrac
CO2_LT2,0,0.1397,0.133913453465,0.0014,2,xfrac
H2_LT2,0,0.5532,0.532227643022,0.0055,2,xfrac
H2O_LT2,0,0.2653,0.298151011572,0.0026,2,xfrac
CH4_LT2,0,0.0384,0.0339204702096,0.00038,2,xfrac
Water from De-Aerator to Exchanger E3
FU_W9,0,421.9,464.174607979,1.09,2,KMOL/HR
TU_W9,2,105.0,105.0,0.95,2,C
PU_W9,2,2552.670995,2552.670995,125.52512,2,kg/cm2
Water obtained from all the separators
FU_W6,0,109.3,126.620766709,1.09,2,KMOL/HR
TU_W6,2,95.0,95.0,0.95,2,C
PU_W6,2,2552.670995,2552.670995,125.52512,2,kg/cm2
Gas from LT shift and free from water or steam
FI3112,1,297.483047393,298.065924915,3.60351826483,0,KG/HR
TI3142,2,28.0,28.0,0.28,2,C
PIC3135,2,2552.670995,2552.670995,125.52512,2,kg/cm2
H2_LT3,0,0.7508,0.758322163026,0.0075,2,xfrac
CO_LT3,0,0.0034,0.0018619331469,3.4e-05,2,xfrac
CH4_LT3,0,0.0519,0.0483301547326,0.0005,2,xfrac
N2_LT3,0,0.0009,0.000684799498013,9e-06,2,xfrac
CO2_LT3,0,0.1896,0.190800949596,0.0019,2,xfrac
Fresh water make up
FI4119,1,326.444444444,337.554046903,22.3820025068,0,KG/HR
TU_W7,2,30.0,30.0,0.95,2,C
PU_W7,2,2552.670995,2552.670995,125.52512,2,kg/cm2
Steam from the vent of De-Aerator
FU_W8,0,45.0,0.000205632596833,1.09,2,KMOL/HR
TU_W8,2,95.0,95.0,0.95,2,C
PU_W8,2,2552.670995,2552.670995,125.52512,2,kg/cm2
Hydrogen obtained from PSA unit
FI3114,1,156.155,188.408865667,7.43848948777,1,KG/HR
TI3142,2,28.0,28.0,0.28,2,C
PIC3160,2,2262.394155,2262.394155,122.6223516,2,kg/cm2
Hydrogen to Storage
FI3122,1,189.79822716,185.523865667,2.28518314203,0,NM3/HR
TU_H2,2,25.0,25.0,0.25,2,C
PIC3161,2,1699.492445,1699.492445,116.9933345,2,kg/cm2
Hydrogen to AO plant
FIC3216,1,179.58697849,174.677379701,1.7958697849,0,NM3/HR
TU_H3,2,25.0,25.0,0.25,2,C
PU_H3,2,1699.492445,1699.492445,116.9933345,2,kg/cm2
Hydrogen to Filling
FI1901A,1,10.8644544751,10.8464859656,0.108644544751,0,NM3/HR
TU_H4,2,25.0,25.0,0.25,2,C
PU_H4,2,1699.492445,1699.492445,116.9933345,2,kg/cm2
